fid,fname,fdept,femail,fphno
MCA5,Atish,MCA,atish.mca@gmail.com,123456789
MCA6,Pritam,MCA,pritam.mca@gmail.com,123456789
MCA7,,MCA,.mca@gmail.com,123456789
BTech4,Anirban,BTechCS,anirban.mca@gmail.com,123456789
BTech5,Gourav,BTechCS,gourav.mca@gmail.com,123456789
BTech6,,BTechCS,.mca@gmail.com,123456789
EC4,Atrayee,EC,atrayee.mca@gmail.com,123456789
EC5,Subhradip,EC,subhradip.mca@gmail.com,123456789
EC6,Pranati,EC,pranati.mca@gmail.com,123456789